customer_id,smape,n_rows
Costco,0.25978000300560194,3072
Kroger,0.2609649489636185,1827
Walgreens,0.26117025332722427,2117
CVS,0.2620728521947419,2480
Coupang,0.26809854333430927,1268
Dollar General,0.2696116518416387,1572
Target,0.2728254761659679,4824
Amazon,0.2770511517622584,6228
Walmart,0.2874498867508526,7937
,2.0,149062
